[
{"type":"header","version":"5.2.0","comment":"Export to JSON plugin for PHPMyAdmin"},
{"type":"database","name":"donisahertiyan_dbtask"},
{"type":"table","name":"table_order","database":"donisahertiyan_dbtask","data":
[
{"TableOrderId":"2108202401","TableId":"74d81071-5f80-11ef-b9cd-088fc32a6757","MenuName":"Ayam Goreng Krispi","QuantityOrder":"3"},
{"TableOrderId":"2108202402","TableId":"cdbb0bd4-5f80-11ef-b9cd-088fc32a6757","MenuName":"Nasi Goreng Lada Hitam","QuantityOrder":"2"},
{"TableOrderId":"2108202403","TableId":"fd2a3ade-5f80-11ef-b9cd-088fc32a6757","MenuName":"Sushi","QuantityOrder":"4"},
{"TableOrderId":"2108202404","TableId":"17a81017-5f81-11ef-b9cd-088fc32a6757","MenuName":"Ayam Bulgogi","QuantityOrder":"5"}
]
}
,{"type":"table","name":"table_specification","database":"donisahertiyan_dbtask","data":
[
{"TableId":"17a81017-5f81-11ef-b9cd-088fc32a6757","TableNumber":"13","ChairNumber":"4","TablePic":"Tema Korea","TableType":"Luxury"},
{"TableId":"74d81071-5f80-11ef-b9cd-088fc32a6757","TableNumber":"19","ChairNumber":"1","TablePic":"Tema Kerajaan","TableType":"Luxury"},
{"TableId":"cdbb0bd4-5f80-11ef-b9cd-088fc32a6757","TableNumber":"20","ChairNumber":"2","TablePic":"Tema Minimalis","TableType":"Imperior"},
{"TableId":"fd2a3ade-5f80-11ef-b9cd-088fc32a6757","TableNumber":"16","ChairNumber":"3","TablePic":"Tema Jepang","TableType":"Standard"}
]
}
]
